B101-Edificio Computación	Edificio Computación	https://ucampus.uchile.cl/m/fcfm_eventos/objeto?objeto=sala-1
B102-Edificio Computación	Edificio Computación	https://ucampus.uchile.cl/m/fcfm_eventos/objeto?objeto=sala-2
B103-Edificio Computación	Edificio Computación	https://ucampus.uchile.cl/m/fcfm_eventos/objeto?objeto=sala-3
B104-Edificio Computación	Edificio Computación	https://ucampus.uchile.cl/m/fcfm_eventos/objeto?objeto=sala-4
B105-Edificio Computación	Edificio Computación	https://ucampus.uchile.cl/m/fcfm_eventos/objeto?objeto=sala-5
B106-Edificio Computación	Edificio Computación	https://ucampus.uchile.cl/m/fcfm_eventos/objeto?objeto=sala-6
B107-Edificio Computación	Edificio Computación	https://ucampus.uchile.cl/m/fcfm_eventos/objeto?objeto=sala-7
B108-Edificio Computación	Edificio Computación	https://ucampus.uchile.cl/m/fcfm_eventos/objeto?objeto=sala-8
B109-Edificio Computación	Edificio Computación	https://ucampus.uchile.cl/m/fcfm_eventos/objeto?objeto=sala-9
B110-Edificio Computación	Edificio Computación	https://ucampus.uchile.cl/m/fcfm_eventos/objeto?objeto=sala-10
B111-Edificio Computación	Edificio Computación	https://ucampus.uchile.cl/m/fcfm_eventos/objeto?objeto=sala-11
B112-Edificio Computación	Edificio Computación	https://ucampus.uchile.cl/m/fcfm_eventos/objeto?objeto=sala-12
B113-Edificio Computación	Edificio Computación	https://ucampus.uchile.cl/m/fcfm_eventos/objeto?objeto=sala-13
B114-Edificio Computación	Edificio Computación	https://ucampus.uchile.cl/m/fcfm_eventos/objeto?objeto=sala-14
B115-Edificio Computación	Edificio Computación	https://ucampus.uchile.cl/m/fcfm_eventos/objeto?objeto=sala-15
QP-Edificio Química	Edificio Química	https://ucampus.uchile.cl/m/fcfm_eventos/objeto?objeto=sala-16
QO-Edificio Química	Edificio Química	https://ucampus.uchile.cl/m/fcfm_eventos/objeto?objeto=sala-17
Q10-Edificio Química	Edificio Química	https://ucampus.uchile.cl/m/fcfm_eventos/objeto?objeto=sala-19
Q12-Edificio Química	Edificio Química	https://ucampus.uchile.cl/m/fcfm_eventos/objeto?objeto=sala-21
Q13-Edificio Química	Edificio Química	https://ucampus.uchile.cl/m/fcfm_eventos/objeto?objeto=sala-22
E016-Edificio Eléctrica	Edificio Eléctrica	https://ucampus.uchile.cl/m/fcfm_eventos/objeto?objeto=sala-25
E111-Edificio Eléctrica	Edificio Eléctrica	https://ucampus.uchile.cl/m/fcfm_eventos/objeto?objeto=sala-27
E213-Edificio Eléctrica	Edificio Eléctrica	https://ucampus.uchile.cl/m/fcfm_eventos/objeto?objeto=sala-28
F9-Edificio Física	Edificio Física	https://ucampus.uchile.cl/m/fcfm_eventos/objeto?objeto=sala-42
F10-Edificio Física	Edificio Física	https://ucampus.uchile.cl/m/fcfm_eventos/objeto?objeto=sala-43
F11-Edificio Física	Edificio Física	https://ucampus.uchile.cl/m/fcfm_eventos/objeto?objeto=sala-45
F12-Edificio Física	Edificio Física	https://ucampus.uchile.cl/m/fcfm_eventos/objeto?objeto=sala-46
F20-Edificio Física	Edificio Física	https://ucampus.uchile.cl/m/fcfm_eventos/objeto?objeto=sala-47
F21-Edificio Física	Edificio Física	https://ucampus.uchile.cl/m/fcfm_eventos/objeto?objeto=sala-48
F22-Edificio Física	Edificio Física	https://ucampus.uchile.cl/m/fcfm_eventos/objeto?objeto=sala-49
S03-Edificio Escuela	Edificio Escuela	https://ucampus.uchile.cl/m/fcfm_eventos/objeto?objeto=sala-53
S05-Edificio Escuela	Edificio Escuela	https://ucampus.uchile.cl/m/fcfm_eventos/objeto?objeto=sala-54
S15-Edificio Escuela	Edificio Escuela	https://ucampus.uchile.cl/m/fcfm_eventos/objeto?objeto=sala-55
S17-Edificio Escuela	Edificio Escuela	https://ucampus.uchile.cl/m/fcfm_eventos/objeto?objeto=sala-57
S18 - Ajedrez-Edificio Escuela	Edificio Escuela	https://ucampus.uchile.cl/m/fcfm_eventos/objeto?objeto=sala-58
S19-Edificio Escuela	Edificio Escuela	https://ucampus.uchile.cl/m/fcfm_eventos/objeto?objeto=sala-59
S25-Edificio Escuela	Edificio Escuela	https://ucampus.uchile.cl/m/fcfm_eventos/objeto?objeto=sala-60
S26-Edificio Escuela	Edificio Escuela	https://ucampus.uchile.cl/m/fcfm_eventos/objeto?objeto=sala-61
S27-Edificio Escuela	Edificio Escuela	https://ucampus.uchile.cl/m/fcfm_eventos/objeto?objeto=sala-62
S28-Edificio Escuela	Edificio Escuela	https://ucampus.uchile.cl/m/fcfm_eventos/objeto?objeto=sala-63
S29-Edificio Escuela	Edificio Escuela	https://ucampus.uchile.cl/m/fcfm_eventos/objeto?objeto=sala-64
DII 21-Domeyko 2338 (DII)	Domeyko 2338 (DII)	https://ucampus.uchile.cl/m/fcfm_eventos/objeto?objeto=sala-65
DII 22-Domeyko 2338 (DII)	Domeyko 2338 (DII)	https://ucampus.uchile.cl/m/fcfm_eventos/objeto?objeto=sala-66
DII 33-Domeyko 2338 (DII)	Domeyko 2338 (DII)	https://ucampus.uchile.cl/m/fcfm_eventos/objeto?objeto=sala-68
DII 24-Domeyko 2338 (DII)	Domeyko 2338 (DII)	https://ucampus.uchile.cl/m/fcfm_eventos/objeto?objeto=sala-69
Piscina-Beauchef 851	Beauchef 851	https://ucampus.uchile.cl/m/fcfm_eventos/objeto?objeto=sala-80
S14-Edificio Escuela	Edificio Escuela	https://ucampus.uchile.cl/m/fcfm_eventos/objeto?objeto=sala-81
S24-Edificio Escuela	Edificio Escuela	https://ucampus.uchile.cl/m/fcfm_eventos/objeto?objeto=sala-82
LAB FLUIDOS-Edificio Civil	Edificio Civil	https://ucampus.uchile.cl/m/fcfm_eventos/objeto?objeto=sala-83
N01-Edificio Escuela	Edificio Escuela	https://ucampus.uchile.cl/m/fcfm_eventos/objeto?objeto=sala-91
N02-Edificio Escuela	Edificio Escuela	https://ucampus.uchile.cl/m/fcfm_eventos/objeto?objeto=sala-92
DII 31-Domeyko 2338 (DII)	Domeyko 2338 (DII)	https://ucampus.uchile.cl/m/fcfm_eventos/objeto?objeto=sala-97
SEM. Mecanica-Beauchef 851	Beauchef 851	https://ucampus.uchile.cl/m/fcfm_eventos/objeto?objeto=sala-98
SEMINARIO  MINAS-Edificio Química	Edificio Química	https://ucampus.uchile.cl/m/fcfm_eventos/objeto?objeto=sala-99
Taller Molina-Av. Blanco Encalada 2743	Av. Blanco Encalada 2743	https://ucampus.uchile.cl/m/fcfm_eventos/objeto?objeto=sala-100
Multiuso-Edificio Escuela	Edificio Escuela	https://ucampus.uchile.cl/m/fcfm_eventos/objeto?objeto=sala-101
Títulos y Grados-Edificio Central	Edificio Central	https://ucampus.uchile.cl/m/fcfm_eventos/objeto?objeto=sala-102
SALA SEMINARIO ING. CIVIL-Edificio Civil	Edificio Civil	https://ucampus.uchile.cl/m/fcfm_eventos/objeto?objeto=sala-103
Salón Gorbea-Edificio Escuela	Edificio Escuela	https://ucampus.uchile.cl/m/fcfm_eventos/objeto?objeto=sala-104
DII211-Edificio Ingeniería Industrial	Edificio Ingeniería Industrial	https://ucampus.uchile.cl/m/fcfm_eventos/objeto?objeto=sala-105
SEM. MA		https://ucampus.uchile.cl/m/fcfm_eventos/objeto?objeto=sala-107
SEM. QI		https://ucampus.uchile.cl/m/fcfm_eventos/objeto?objeto=sala-108
Cerro Calán-OBSERVATORIO CERRO CALAN	OBSERVATORIO CERRO CALAN	https://ucampus.uchile.cl/m/fcfm_eventos/objeto?objeto=sala-110
PARQUE OHIGGINS		https://ucampus.uchile.cl/m/fcfm_eventos/objeto?objeto=sala-118
Multicancha Beauchef 850-FCFM	FCFM	https://ucampus.uchile.cl/m/fcfm_eventos/objeto?objeto=sala-119
GIMNASIO		https://ucampus.uchile.cl/m/fcfm_eventos/objeto?objeto=sala-120
N11-Edificio Escuela	Edificio Escuela	https://ucampus.uchile.cl/m/fcfm_eventos/objeto?objeto=sala-122
B204-Edificio Computación	Edificio Computación	https://ucampus.uchile.cl/m/fcfm_eventos/objeto?objeto=sala-124
B203-Edificio Computación	Edificio Computación	https://ucampus.uchile.cl/m/fcfm_eventos/objeto?objeto=sala-126
B205-Edificio Computación	Edificio Computación	https://ucampus.uchile.cl/m/fcfm_eventos/objeto?objeto=sala-127
B206-Edificio Computación	Edificio Computación	https://ucampus.uchile.cl/m/fcfm_eventos/objeto?objeto=sala-128
B210-Edificio Computación	Edificio Computación	https://ucampus.uchile.cl/m/fcfm_eventos/objeto?objeto=sala-129
B211-Edificio Computación	Edificio Computación	https://ucampus.uchile.cl/m/fcfm_eventos/objeto?objeto=sala-130
B212-Edificio Computación	Edificio Computación	https://ucampus.uchile.cl/m/fcfm_eventos/objeto?objeto=sala-131
B213-Edificio Computación	Edificio Computación	https://ucampus.uchile.cl/m/fcfm_eventos/objeto?objeto=sala-132
B214-Edificio Computación	Edificio Computación	https://ucampus.uchile.cl/m/fcfm_eventos/objeto?objeto=sala-133
SEM. FI		https://ucampus.uchile.cl/m/fcfm_eventos/objeto?objeto=sala-147
E015-Edificio Eléctrica	Edificio Eléctrica	https://ucampus.uchile.cl/m/fcfm_eventos/objeto?objeto=sala-148
E214-Edificio Eléctrica	Edificio Eléctrica	https://ucampus.uchile.cl/m/fcfm_eventos/objeto?objeto=sala-149
E216-Edificio Eléctrica	Edificio Eléctrica	https://ucampus.uchile.cl/m/fcfm_eventos/objeto?objeto=sala-150
E215-Edificio Eléctrica	Edificio Eléctrica	https://ucampus.uchile.cl/m/fcfm_eventos/objeto?objeto=sala-151
LMO Industrias-Edificio Ingeniería Industrial	Edificio Ingeniería Industrial	https://ucampus.uchile.cl/m/fcfm_eventos/objeto?objeto=sala-155
Auditorio DCC, 4º Piso-Edificio Computación	Edificio Computación	https://ucampus.uchile.cl/m/fcfm_eventos/objeto?objeto=sala-167
G101-Edificio Geología	Edificio Geología	https://ucampus.uchile.cl/m/fcfm_eventos/objeto?objeto=sala-179
G102-Edificio Geología	Edificio Geología	https://ucampus.uchile.cl/m/fcfm_eventos/objeto?objeto=sala-180
G103-Edificio Geología	Edificio Geología	https://ucampus.uchile.cl/m/fcfm_eventos/objeto?objeto=sala-181
G104-Edificio Geología	Edificio Geología	https://ucampus.uchile.cl/m/fcfm_eventos/objeto?objeto=sala-182
G106-Edificio Geología	Edificio Geología	https://ucampus.uchile.cl/m/fcfm_eventos/objeto?objeto=sala-184
G107-Edificio Geología	Edificio Geología	https://ucampus.uchile.cl/m/fcfm_eventos/objeto?objeto=sala-185
G108 - Humberto Fuenzalida-Edificio Geología	Edificio Geología	https://ucampus.uchile.cl/m/fcfm_eventos/objeto?objeto=sala-186
G110-Edificio Geología	Edificio Geología	https://ucampus.uchile.cl/m/fcfm_eventos/objeto?objeto=sala-188
G201-Edificio Geología	Edificio Geología	https://ucampus.uchile.cl/m/fcfm_eventos/objeto?objeto=sala-189
G301-Edificio Geología	Edificio Geología	https://ucampus.uchile.cl/m/fcfm_eventos/objeto?objeto=sala-190
G302-Edificio Geología	Edificio Geología	https://ucampus.uchile.cl/m/fcfm_eventos/objeto?objeto=sala-191
G303-Edificio Geología	Edificio Geología	https://ucampus.uchile.cl/m/fcfm_eventos/objeto?objeto=sala-192
G304-Edificio Geología	Edificio Geología	https://ucampus.uchile.cl/m/fcfm_eventos/objeto?objeto=sala-193
G305-Edificio Geología	Edificio Geología	https://ucampus.uchile.cl/m/fcfm_eventos/objeto?objeto=sala-194
G306-Edificio Geología	Edificio Geología	https://ucampus.uchile.cl/m/fcfm_eventos/objeto?objeto=sala-195
Laboratorio-Laboratorio	Laboratorio	https://ucampus.uchile.cl/m/fcfm_eventos/objeto?objeto=sala-198
G111-Edificio Geología	Edificio Geología	https://ucampus.uchile.cl/m/fcfm_eventos/objeto?objeto=sala-199
Club de Tenis Stgo.-Parque O'Higgins	Parque O'Higgins	https://ucampus.uchile.cl/m/fcfm_eventos/objeto?objeto=sala-203
GALILEO-Edificio Física	Edificio Física	https://ucampus.uchile.cl/m/fcfm_eventos/objeto?objeto=sala-206
Gimnasio Máquinas-Edificio Computación	Edificio Computación	https://ucampus.uchile.cl/m/fcfm_eventos/objeto?objeto=sala-210
Sala Seminario 6º P. MAT.		https://ucampus.uchile.cl/m/fcfm_eventos/objeto?objeto=sala-211
Lab.Microsoft, Piso 4, DCC-Edificio Computación	Edificio Computación	https://ucampus.uchile.cl/m/fcfm_eventos/objeto?objeto=sala-213
Tutorial		https://ucampus.uchile.cl/m/fcfm_eventos/objeto?objeto=sala-214
SEMINARIO-FCFM	FCFM	https://ucampus.uchile.cl/m/fcfm_eventos/objeto?objeto=sala-220
Of. del Profesor		https://ucampus.uchile.cl/m/fcfm_eventos/objeto?objeto=sala-221
Sala Reunión, Piso 3, Depto. Ing.Civil-Edificio Civil	Edificio Civil	https://ucampus.uchile.cl/m/fcfm_eventos/objeto?objeto=sala-223
Aud. Eléctrica, Piso 4-Edificio Eléctrica	Edificio Eléctrica	https://ucampus.uchile.cl/m/fcfm_eventos/objeto?objeto=sala-231
G109-Edificio Geología	Edificio Geología	https://ucampus.uchile.cl/m/fcfm_eventos/objeto?objeto=sala-237
Sala 2, Piso 2, GEOF.-Geofísica	Geofísica	https://ucampus.uchile.cl/m/fcfm_eventos/objeto?objeto=sala-240
GImnasio Musculación-FCFM	FCFM	https://ucampus.uchile.cl/m/fcfm_eventos/objeto?objeto=sala-246
Laborat. FI, Piso 2		https://ucampus.uchile.cl/m/fcfm_eventos/objeto?objeto=sala-249
Auditorio Picarte, DCC 3º Piso-Edificio Computación	Edificio Computación	https://ucampus.uchile.cl/m/fcfm_eventos/objeto?objeto=sala-273
Gimnasio Domeyko-FCFM	FCFM	https://ucampus.uchile.cl/m/fcfm_eventos/objeto?objeto=sala-291
CEC, Zócalo, Zona D-Edificio Computación	Edificio Computación	https://ucampus.uchile.cl/m/fcfm_eventos/objeto?objeto=sala-305
SEM-EL		https://ucampus.uchile.cl/m/fcfm_eventos/objeto?objeto=sala-309
SEM. GEOF.		https://ucampus.uchile.cl/m/fcfm_eventos/objeto?objeto=sala-456
DCC, Sala Reuniones, Piso 3-Edificio Computación	Edificio Computación	https://ucampus.uchile.cl/m/fcfm_eventos/objeto?objeto=sala-459
DCC, Sala Reuniones B851 Nº320-Edificio Computación	Edificio Computación	https://ucampus.uchile.cl/m/fcfm_eventos/objeto?objeto=sala-460
Beaucheff 1225, Of. C-5		https://ucampus.uchile.cl/m/fcfm_eventos/objeto?objeto=sala-461
Sala Seminario, Edif.Electrotecnología, Piso 2-Edificio Eléctrica	Edificio Eléctrica	https://ucampus.uchile.cl/m/fcfm_eventos/objeto?objeto=sala-462
B01-Beauchef 851	Beauchef 851	https://ucampus.uchile.cl/m/fcfm_eventos/objeto?objeto=sala-464
Sala Laboratorio de Computación DCC, Piso 3-Edificio Computación	Edificio Computación	https://ucampus.uchile.cl/m/fcfm_eventos/objeto?objeto=sala-471
DII 23-Domeyko 2338 (DII)	Domeyko 2338 (DII)	https://ucampus.uchile.cl/m/fcfm_eventos/objeto?objeto=sala-475
Sala de Reuniones, Depto. BT-IQ		https://ucampus.uchile.cl/m/fcfm_eventos/objeto?objeto=sala-477
Sala de Reuniones de la División Transporte - 5º piso DIC-Edificio Civil	Edificio Civil	https://ucampus.uchile.cl/m/fcfm_eventos/objeto?objeto=sala-479
Seminario Biblioteca 2º piso-BIBLIOTECA	BIBLIOTECA	https://ucampus.uchile.cl/m/fcfm_eventos/objeto?objeto=sala-2987
B001-Edificio Computación	Edificio Computación	https://ucampus.uchile.cl/m/fcfm_eventos/objeto?objeto=sala-2988
Laboratorio Introducción a la Ingeniería-Edificio Física	Edificio Física	https://ucampus.uchile.cl/m/fcfm_eventos/objeto?objeto=sala-2990
Laboratorio Microscopio-Edificio Geología	Edificio Geología	https://ucampus.uchile.cl/m/fcfm_eventos/objeto?objeto=sala-2991
Laboratorio Microscopio GL-Edificio Geología	Edificio Geología	https://ucampus.uchile.cl/m/fcfm_eventos/objeto?objeto=sala-2992
Laboratorio de Microscopio-Edificio Geología	Edificio Geología	https://ucampus.uchile.cl/m/fcfm_eventos/objeto?objeto=sala-2993
Lab. Proyectos-Edificio Química	Edificio Química	https://ucampus.uchile.cl/m/fcfm_eventos/objeto?objeto=sala-2995
Auditorio DII-Edificio Ingeniería Industrial	Edificio Ingeniería Industrial	https://ucampus.uchile.cl/m/fcfm_eventos/objeto?objeto=sala-2996
S30-Edificio Escuela	Edificio Escuela	https://ucampus.uchile.cl/m/fcfm_eventos/objeto?objeto=sala-2997
Sala Seminario CM-edificio Química y Minas	edificio Química y Minas	https://ucampus.uchile.cl/m/fcfm_eventos/objeto?objeto=sala-2998
.-FCFM	FCFM	https://ucampus.uchile.cl/m/fcfm_eventos/objeto?objeto=sala-2999
Laboratorio Docente CM-Edificio Química	Edificio Química	https://ucampus.uchile.cl/m/fcfm_eventos/objeto?objeto=sala-3000
Postgrado-borrar	borrar	https://ucampus.uchile.cl/m/fcfm_eventos/objeto?objeto=sala-3001
Sala Atención Area de Inglés-Edificio Escuela	Edificio Escuela	https://ucampus.uchile.cl/m/fcfm_eventos/objeto?objeto=sala-3002
N03-BIBLIOTECA	BIBLIOTECA	https://ucampus.uchile.cl/m/fcfm_eventos/objeto?objeto=sala-3003
Sala Geofísica 2º Piso-Geofísica	Geofísica	https://ucampus.uchile.cl/m/fcfm_eventos/objeto?objeto=sala-3004
Laboratorio INTA-INTA	INTA	https://ucampus.uchile.cl/m/fcfm_eventos/objeto?objeto=sala-3005
Sala Seminario DIM 5º PISO-Edificio Computación	Edificio Computación	https://ucampus.uchile.cl/m/fcfm_eventos/objeto?objeto=sala-3006
B208-Edificio Computación	Edificio Computación	https://ucampus.uchile.cl/m/fcfm_eventos/objeto?objeto=sala-3007
Laboratorio de Rocas-Edificio Geología	Edificio Geología	https://ucampus.uchile.cl/m/fcfm_eventos/objeto?objeto=sala-3008
Laboratorio de Transporte (Depto. Ing. Civil 5º piso)-Edificio Civil	Edificio Civil	https://ucampus.uchile.cl/m/fcfm_eventos/objeto?objeto=sala-3009
Sala DII-Edificio Ingeniería Industrial	Edificio Ingeniería Industrial	https://ucampus.uchile.cl/m/fcfm_eventos/objeto?objeto=sala-3010
Sala Seminario Depto. Ciencias de los Mat.-FCFM	FCFM	https://ucampus.uchile.cl/m/fcfm_eventos/objeto?objeto=sala-3011
Sala Seminario Depto. Mecanica-Beauchef 851	Beauchef 851	https://ucampus.uchile.cl/m/fcfm_eventos/objeto?objeto=sala-3012
Sala Geofisica 5º piso-Geofísica	Geofísica	https://ucampus.uchile.cl/m/fcfm_eventos/objeto?objeto=sala-3013
C5 Beaucheff Nº 1225-FCFM	FCFM	https://ucampus.uchile.cl/m/fcfm_eventos/objeto?objeto=sala-3014
Sala de Reuniones-Edificio Civil	Edificio Civil	https://ucampus.uchile.cl/m/fcfm_eventos/objeto?objeto=sala-3015
SALA DE REUNIONES DIQBT-FCFM	FCFM	https://ucampus.uchile.cl/m/fcfm_eventos/objeto?objeto=sala-3016
Seminario 3er piso-Edificio Física	Edificio Física	https://ucampus.uchile.cl/m/fcfm_eventos/objeto?objeto=sala-3017
Laboratorio Computacional Depto. Mecánica-Beauchef 851	Beauchef 851	https://ucampus.uchile.cl/m/fcfm_eventos/objeto?objeto=sala-3018
Seminario 1 Oriente-Edificio Física	Edificio Física	https://ucampus.uchile.cl/m/fcfm_eventos/objeto?objeto=sala-3019
Seminario 2 Poniente-Edificio Física	Edificio Física	https://ucampus.uchile.cl/m/fcfm_eventos/objeto?objeto=sala-3020
Auditorio 779-Edificio Ingeniería Industrial	Edificio Ingeniería Industrial	https://ucampus.uchile.cl/m/fcfm_eventos/objeto?objeto=sala-3021
sala de reuniones del laboratorio de materia fuera del equilibrio-Edificio Física	Edificio Física	https://ucampus.uchile.cl/m/fcfm_eventos/objeto?objeto=sala-3022
Sala de seminarios del tercer piso del DFI-Edificio Física	Edificio Física	https://ucampus.uchile.cl/m/fcfm_eventos/objeto?objeto=sala-3023
HALL SUR-FCFM	FCFM	https://ucampus.uchile.cl/m/fcfm_eventos/objeto?objeto=sala-3024
N20-Edificio Escuela	Edificio Escuela	https://ucampus.uchile.cl/m/fcfm_eventos/objeto?objeto=sala-3025
MI-1 - Depto Minas-Edificio Química	Edificio Química	https://ucampus.uchile.cl/m/fcfm_eventos/objeto?objeto=sala-3026
LAB. COMPUTACION DOCENTE DIE-Edificio Eléctrica	Edificio Eléctrica	https://ucampus.uchile.cl/m/fcfm_eventos/objeto?objeto=sala-3027
Sala Computadores 4º piso Mecánica-Edificio Central	Edificio Central	https://ucampus.uchile.cl/m/fcfm_eventos/objeto?objeto=sala-3028
Sala Seminario 3º Piso Depto. Física-Edificio Física	Edificio Física	https://ucampus.uchile.cl/m/fcfm_eventos/objeto?objeto=sala-3029
Sala Reuniones Piso 8 Decanato-FCFM	FCFM	https://ucampus.uchile.cl/m/fcfm_eventos/objeto?objeto=sala-3030
Auditorio Beauchef 851 - Enrique d'Etigny Lyon-Beauchef 851	Beauchef 851	https://ucampus.uchile.cl/m/fcfm_eventos/objeto?objeto=sala-3031
Sala de Vidrio-Edificio Geología	Edificio Geología	https://ucampus.uchile.cl/m/fcfm_eventos/objeto?objeto=sala-3032
B02-Beauchef 851	Beauchef 851	https://ucampus.uchile.cl/m/fcfm_eventos/objeto?objeto=sala-3033
B03-Beauchef 851	Beauchef 851	https://ucampus.uchile.cl/m/fcfm_eventos/objeto?objeto=sala-3034
B04-Beauchef 851	Beauchef 851	https://ucampus.uchile.cl/m/fcfm_eventos/objeto?objeto=sala-3035
B05-Beauchef 851	Beauchef 851	https://ucampus.uchile.cl/m/fcfm_eventos/objeto?objeto=sala-3036
B06-Beauchef 851	Beauchef 851	https://ucampus.uchile.cl/m/fcfm_eventos/objeto?objeto=sala-3037
B07-Beauchef 851	Beauchef 851	https://ucampus.uchile.cl/m/fcfm_eventos/objeto?objeto=sala-3038
B08-Beauchef 851	Beauchef 851	https://ucampus.uchile.cl/m/fcfm_eventos/objeto?objeto=sala-3039
Gimnasio Pesas-Beauchef 851	Beauchef 851	https://ucampus.uchile.cl/m/fcfm_eventos/objeto?objeto=sala-3040
Multiuso B.P.-Beauchef 851	Beauchef 851	https://ucampus.uchile.cl/m/fcfm_eventos/objeto?objeto=sala-3041
Sala Aerobica-Beauchef 851	Beauchef 851	https://ucampus.uchile.cl/m/fcfm_eventos/objeto?objeto=sala-3042
Dojo-Beauchef 851	Beauchef 851	https://ucampus.uchile.cl/m/fcfm_eventos/objeto?objeto=sala-3043
Gimnasio 1-Beauchef 851	Beauchef 851	https://ucampus.uchile.cl/m/fcfm_eventos/objeto?objeto=sala-3044
Gimnasio 2-Beauchef 851	Beauchef 851	https://ucampus.uchile.cl/m/fcfm_eventos/objeto?objeto=sala-3045
Piscina Beauchef 851-Beauchef 851	Beauchef 851	https://ucampus.uchile.cl/m/fcfm_eventos/objeto?objeto=sala-3046
Sala de Juegos-Beauchef 851	Beauchef 851	https://ucampus.uchile.cl/m/fcfm_eventos/objeto?objeto=sala-3047
Sala de Artes-Beauchef 851	Beauchef 851	https://ucampus.uchile.cl/m/fcfm_eventos/objeto?objeto=sala-3048
Depto. Computación-Edificio Computación	Edificio Computación	https://ucampus.uchile.cl/m/fcfm_eventos/objeto?objeto=sala-3049
Hall Central Beauchef 851-Beauchef 851	Beauchef 851	https://ucampus.uchile.cl/m/fcfm_eventos/objeto?objeto=sala-3050
Explanada-Beauchef 851	Beauchef 851	https://ucampus.uchile.cl/m/fcfm_eventos/objeto?objeto=sala-3051
IM-1-Edificio Química	Edificio Química	https://ucampus.uchile.cl/m/fcfm_eventos/objeto?objeto=sala-3052
J. von Newman del 7°piso del CMM-Edificio Computación	Edificio Computación	https://ucampus.uchile.cl/m/fcfm_eventos/objeto?objeto=sala-3053
Sala de Musica-Beauchef 851	Beauchef 851	https://ucampus.uchile.cl/m/fcfm_eventos/objeto?objeto=sala-3054
Sala de Reuniones 234, 2do piso-Beauchef 851	Beauchef 851	https://ucampus.uchile.cl/m/fcfm_eventos/objeto?objeto=sala-3058
Sala 417-Edificio Central	Edificio Central	https://ucampus.uchile.cl/m/fcfm_eventos/objeto?objeto=sala-3062
Cafeteria-Beauchef 851	Beauchef 851	https://ucampus.uchile.cl/m/fcfm_eventos/objeto?objeto=sala-3066
Sala Beauchef 851-Beauchef 851	Beauchef 851	https://ucampus.uchile.cl/m/fcfm_eventos/objeto?objeto=sala-3070
Gimnasio Basquetbol-Beauchef 851	Beauchef 851	https://ucampus.uchile.cl/m/fcfm_eventos/objeto?objeto=sala-3074
Cancha Futsal - Tenis - Balonmano-Beauchef 851	Beauchef 851	https://ucampus.uchile.cl/m/fcfm_eventos/objeto?objeto=sala-3078
Cancha Voleibol - Básquetbol-Beauchef 851	Beauchef 851	https://ucampus.uchile.cl/m/fcfm_eventos/objeto?objeto=sala-3082
Edificio Industria 779-Edificio Ingeniería Industrial	Edificio Ingeniería Industrial	https://ucampus.uchile.cl/m/fcfm_eventos/objeto?objeto=sala-3086
Sala Edificio DII - Beauchef 851-Beauchef 851	Beauchef 851	https://ucampus.uchile.cl/m/fcfm_eventos/objeto?objeto=sala-3090
Sala 4to piso torre central-Edificio Central	Edificio Central	https://ucampus.uchile.cl/m/fcfm_eventos/objeto?objeto=sala-3094
Sala Seminario 4°piso DIM-Edificio Computación	Edificio Computación	https://ucampus.uchile.cl/m/fcfm_eventos/objeto?objeto=sala-3098
FabLab-Beauchef 851	Beauchef 851	https://ucampus.uchile.cl/m/fcfm_eventos/objeto?objeto=sala-3102
Sala de Post Grado de Física Oriente-Edificio Física	Edificio Física	https://ucampus.uchile.cl/m/fcfm_eventos/objeto?objeto=sala-3106
LMC 4to piso, mecánica-Beauchef 851	Beauchef 851	https://ucampus.uchile.cl/m/fcfm_eventos/objeto?objeto=sala-3110
Sala 439 DIM-Edificio Computación	Edificio Computación	https://ucampus.uchile.cl/m/fcfm_eventos/objeto?objeto=sala-3114
Sala IQBT-Beauchef 851	Beauchef 851	https://ucampus.uchile.cl/m/fcfm_eventos/objeto?objeto=sala-3118
Sala Asamblea - DII 851 4º Piso-Beauchef 851	Beauchef 851	https://ucampus.uchile.cl/m/fcfm_eventos/objeto?objeto=sala-3122
Auditorio Nº 303 -poniente-Beauchef 851	Beauchef 851	https://ucampus.uchile.cl/m/fcfm_eventos/objeto?objeto=sala-3126
Seminario 5to piso, mecanica-Beauchef 851	Beauchef 851	https://ucampus.uchile.cl/m/fcfm_eventos/objeto?objeto=sala-3130
Sala de Reunion 6to piso, Ing Química-Beauchef 851	Beauchef 851	https://ucampus.uchile.cl/m/fcfm_eventos/objeto?objeto=sala-3134
Patio Principal Beauchef 851-Beauchef 851	Beauchef 851	https://ucampus.uchile.cl/m/fcfm_eventos/objeto?objeto=sala-3138
MI 1-Edificio Química	Edificio Química	https://ucampus.uchile.cl/m/fcfm_eventos/objeto?objeto=sala-3142
Sala de Proyectos 4to piso - Mecanica-Beauchef 851	Beauchef 851	https://ucampus.uchile.cl/m/fcfm_eventos/objeto?objeto=sala-3146
Laboratorio 4to piso DIM-Edificio Computación	Edificio Computación	https://ucampus.uchile.cl/m/fcfm_eventos/objeto?objeto=sala-3150
Sala de Seminarios 4°piso (N°439)-Edificio Computación	Edificio Computación	https://ucampus.uchile.cl/m/fcfm_eventos/objeto?objeto=sala-3154
Laboratorio Metalurgia-Av. Blanco Encalada 2743	Av. Blanco Encalada 2743	https://ucampus.uchile.cl/m/fcfm_eventos/objeto?objeto=sala-3158
Auditorio P303 - Philippe Flajolet-Edificio Computación	Edificio Computación	https://ucampus.uchile.cl/m/fcfm_eventos/objeto?objeto=sala-3162
Sala Reuniones 4º Piso - Nº440 DIM-Edificio Computación	Edificio Computación	https://ucampus.uchile.cl/m/fcfm_eventos/objeto?objeto=sala-3166
Sala Luis y Samit-edificio Química y Minas	edificio Química y Minas	https://ucampus.uchile.cl/m/fcfm_eventos/objeto?objeto=sala-3170
BP316 - DII-Edificio Ingeniería Industrial	Edificio Ingeniería Industrial	https://ucampus.uchile.cl/m/fcfm_eventos/objeto?objeto=sala-3174
BP402 DII-Edificio Ingeniería Industrial	Edificio Ingeniería Industrial	https://ucampus.uchile.cl/m/fcfm_eventos/objeto?objeto=sala-3178
779B DII-Edificio Ingeniería Industrial	Edificio Ingeniería Industrial	https://ucampus.uchile.cl/m/fcfm_eventos/objeto?objeto=sala-3182
BP0403 DII-Edificio Ingeniería Industrial	Edificio Ingeniería Industrial	https://ucampus.uchile.cl/m/fcfm_eventos/objeto?objeto=sala-3186
Sala Proyectos 2, Mecánica 4º piso-Beauchef 851	Beauchef 851	https://ucampus.uchile.cl/m/fcfm_eventos/objeto?objeto=sala-3190
G105 Laboratorio de Computación-Edificio Geología	Edificio Geología	https://ucampus.uchile.cl/m/fcfm_eventos/objeto?objeto=sala-3194
Sala 5-Beauchef 851	Beauchef 851	https://ucampus.uchile.cl/m/fcfm_eventos/objeto?objeto=sala-3198
Sala Seminario 4º piso - DCM-Beauchef 851	Beauchef 851	https://ucampus.uchile.cl/m/fcfm_eventos/objeto?objeto=sala-3202
DII 34-Domeyko 2338 (DII)	Domeyko 2338 (DII)	https://ucampus.uchile.cl/m/fcfm_eventos/objeto?objeto=sala-3206
DII 11-Domeyko 2369 (DII)	Domeyko 2369 (DII)	https://ucampus.uchile.cl/m/fcfm_eventos/objeto?objeto=sala-3210
DII 12-Domeyko 2369 (DII)	Domeyko 2369 (DII)	https://ucampus.uchile.cl/m/fcfm_eventos/objeto?objeto=sala-3214
Sala de Estudio 4º piso DIM-Beauchef 851	Beauchef 851	https://ucampus.uchile.cl/m/fcfm_eventos/objeto?objeto=sala-3218
Sala Seminario 4º piso - Departamento Ingeniería Química, Biotecnología y Materiales-Beauchef 851	Beauchef 851	https://ucampus.uchile.cl/m/fcfm_eventos/objeto?objeto=sala-3221
Sala Reuniones Centro C5-FCFM	FCFM	https://ucampus.uchile.cl/m/fcfm_eventos/objeto?objeto=sala-3225
BP401 - DII-Edificio Ingeniería Industrial	Edificio Ingeniería Industrial	https://ucampus.uchile.cl/m/fcfm_eventos/objeto?objeto=sala-3229
Cancha Tenis B. Poniente-Beauchef 851	Beauchef 851	https://ucampus.uchile.cl/m/fcfm_eventos/objeto?objeto=sala-3233
BP614-Edificio Ingeniería Industrial	Edificio Ingeniería Industrial	https://ucampus.uchile.cl/m/fcfm_eventos/objeto?objeto=sala-3237
BP709-Edificio Ingeniería Industrial	Edificio Ingeniería Industrial	https://ucampus.uchile.cl/m/fcfm_eventos/objeto?objeto=sala-3241
Laboratorio Lorenzo, 3º piso DCC-Departamento Ciencias de la Computación	Departamento Ciencias de la Computación	https://ucampus.uchile.cl/m/fcfm_eventos/objeto?objeto=sala-3245
B09-Beauchef 851	Beauchef 851	https://ucampus.uchile.cl/m/fcfm_eventos/objeto?objeto=sala-3249
Sala Gianna Vallebuona - Depto. Minas-Edificio Química	Edificio Química	https://ucampus.uchile.cl/m/fcfm_eventos/objeto?objeto=sala-3253
Q21-Edificio Química	Edificio Química	https://ucampus.uchile.cl/m/fcfm_eventos/objeto?objeto=sala-3257
Q22-Edificio Química	Edificio Química	https://ucampus.uchile.cl/m/fcfm_eventos/objeto?objeto=sala-3261
Q23-Edificio Química	Edificio Química	https://ucampus.uchile.cl/m/fcfm_eventos/objeto?objeto=sala-3265
Laboratorio Electrotecnologias-Edificio Eléctrica	Edificio Eléctrica	https://ucampus.uchile.cl/m/fcfm_eventos/objeto?objeto=sala-3269
B010 (Torre Norte piso -2)-Edificio Computación	Edificio Computación	https://ucampus.uchile.cl/m/fcfm_eventos/objeto?objeto=sala-3270
B100-Edificio Computación	Edificio Computación	https://ucampus.uchile.cl/m/fcfm_eventos/objeto?objeto=sala-3274
Piscina Escolar U. de Chile		https://ucampus.uchile.cl/m/fcfm_eventos/objeto?objeto=sala-3278
MI-2 -  Depto Minas-Edificio Química	Edificio Química	https://ucampus.uchile.cl/m/fcfm_eventos/objeto?objeto=sala-3282
Laboratorio Bunker - Depto. Minas-Edificio Química	Edificio Química	https://ucampus.uchile.cl/m/fcfm_eventos/objeto?objeto=sala-3286
Auditorio Eduardo Simian-Edificio Química	Edificio Química	https://ucampus.uchile.cl/m/fcfm_eventos/objeto?objeto=sala-3290
Cancha de Squash-Beauchef 851	Beauchef 851	https://ucampus.uchile.cl/m/fcfm_eventos/objeto?objeto=sala-3294
DII-Domeyko 2338 (DII)	Domeyko 2338 (DII)	https://ucampus.uchile.cl/m/fcfm_eventos/objeto?objeto=sala-3298
Laboratorio Investigación BP02-27-Beauchef 851	Beauchef 851	https://ucampus.uchile.cl/m/fcfm_eventos/objeto?objeto=sala-3302
